session_id,material_pinyin,material_english,material_chinese,force_n,path_type,camera_view,raw_audio_filename,raw_tactile_filename,raw_video_filename,naming_notes,audio_start_unix,audio_end_unix,audio_duration_s,audio_sample_rate_hz,audio_nframes,tactile_rows,tactile_first_ts_unix,tactile_last_ts_unix,tactile_duration_s,tactile_est_fs_hz,video_frame_count,video_fps,video_width,video_height,video_duration_s
brass_f3_r1_v1,huangtong,brass,黄铜,3,1,1,huangtong\huangtong_f3r1v1.wav,huangtong_f3r1v1.csv,huangtong\huangtong_f3r1v1.avi,,1607151139,1607151216,76.992,16000,1231872,2277,1607151139,1607151213,74,30.77,2306,30.0,640,480,76.867
brass_f6_r1_v1,huangtong,brass,黄铜,6,1,1,huangtong\huangtong_f6r1v1.wav,huangtong_f6r1v1.csv,huangtong\huangtong_f6r1v1.avi,,1607151365,1607151442,76.992,16000,1231872,3398,1607151367,1607151436,69,49.25,2301,30.0,640,480,76.7
brass_f9_r1_v1,huangtong,brass,黄铜,9,1,1,huangtong\huangtong_f9r1v1.wav,huangtong_f9r1v1.csv,huangtong\huangtong_f9r1v1.avi,,1607152506,1607152581,74.944,16000,1199104,2181,1607152506,1607152577,71,30.72,2239,30.0,640,480,74.633
linen_f3_r1_v1,mabu,linen,麻布,3,1,1,mabu\mabu_f3r1v1.wav,mabu_f3r1v1.csv,mabu\mabu_f3r1v1.avi,,1607135153,1607135230,76.992,16000,1231872,2285,1607135154,1607135228,74,30.88,2276,30.0,640,480,75.867
linen_f6_r1_v1,mabu,linen,麻布,6,1,1,mabu\mabu_f6r1v1.wav,mabu_f6r1v1.csv,mabu\mabu_f6r1v1.avi,,1607135338,1607135415,76.992,16000,1231872,2624,1607135340,1607135414,74,35.46,2297,30.0,640,480,76.567
linen_f9_r1_v1,mabu,linen,麻布,9,1,1,mabu\mabu_f9r1v1.wav,mabu_f9r1v1.csv,mabu\mabu_f9r1v1.avi,,1607135570,1607135647,76.992,16000,1231872,8994,1607135572,1607135644,72,124.92,2316,30.0,640,480,77.2
paper_f3_r1_v1,baizhi,paper,白纸,3,1,1,baizhi\baizhi_f3r1v1.wav,baizhi_f3r1v1.csv,baizhi\baizhi_f3r1v1.avi,,1607158612,1607158687,74.944,16000,1199104,8267,1607158614,1607158681,67,123.39,2233,30.0,640,480,74.433
paper_f6_r1_v1,baizhi,paper,白纸,6,1,1,baizhi\baizhi_f6r1v1.wav,baizhi_f6r1v1.csv,baizhi\baizhi_f6r1v1.avi,,1607158247,1607158322,74.944,16000,1199104,8675,1607158249,1607158318,69,125.72,2237,30.0,640,480,74.567
paper_f9_r1_v1,baizhi,paper,白纸,9,1,1,baizhi\baizhi_f9r1v1.wav,baizhi_f9r1v1.csv,baizhi\baizhi_f9r1v1.avi,,1607158447,1607158522,74.944,16000,1199104,2230,1607158445,1607158516,71,31.41,2241,30.0,640,480,74.7
polyester_f3_r1_v1,dilun,polyester,涤纶,3,1,1,dilun\dilun_f3r1v1.wav,dilun_f3r1v1.csv,dilun\dilun_f3r1v1.avi,,1607155497,1607155572,74.944,16000,1199104,8711,1607155498,1607155568,70,124.44,2221,30.0,640,480,74.033
polyester_f6_r1_v1,dilun,polyester,涤纶,6,1,1,dilun\dilun_f6r1v1.wav,dilun_f6r1v1.csv,dilun\dilun_f6r1v1.avi,,1607155715,1607155790,74.944,16000,1199104,2156,1607155716,1607155786,70,30.8,2258,30.0,640,480,75.267
polyester_f9_r1_v1,dilun,polyester,涤纶,9,1,1,dilun\dilun_f9r1v1.wav,dilun_f9r1v1.csv,dilun\dilun_f9r1v1.avi,,1607155860,1607155935,74.944,16000,1199104,8509,1607155859,1607155928,69,123.32,2259,30.0,640,480,75.3
silk_f3_r1_v1,sichou,silk,丝绸,3,1,1,sichou\sichou_f3r1v1.wav,sichou_f3r1v1.csv,sichou\sichou_f3r1v1.avi,,1607154126,1607154201,74.944,16000,1199104,8550,1607154128,1607154197,69,123.91,2238,30.0,640,480,74.6
silk_f6_r1_v1,sichou,silk,丝绸,6,1,1,sichou\sichou_f6r1v1.wav,sichou_f6r1v1.csv,sichou\sichou_f6r1v1.avi,,1607154288,1607154362,74.944,16000,1199104,8763,1607154290,1607154358,68,128.87,2256,30.0,640,480,75.2
silk_f9_r1_v1,sichou,silk,丝绸,9,1,1,sichou\sichou_f9r1v1.wav,sichou_f9r1v1.csv,sichou\sichou_f9r1v1.avi,,1607154486,1607154561,74.944,16000,1199104,2163,1607154486,1607154555,69,31.35,2237,30.0,640,480,74.567
spandex_f3_r1_v1,anlun,spandex,氨纶,3,1,1,anlun\anlun_f3r1v1(linsheng).wav,anlun_f3r1v1.csv,anlun\anlun_f3r1v1.avi,audio filename 'anlun_f3r1v1(linsheng).wav' cleaned from stray suffix,1607156643,1607156718,74.944,16000,1199104,2219,1607156643,1607156715,72,30.82,2257,30.0,640,480,75.233
spandex_f6_r1_v1,anlun,spandex,氨纶,6,1,1,anlun\anlun_f6r1v1.wav,anlun_f6r1v1.csv,anlun\anlun_f6r1v1.avi,,1607157004,1607157079,74.944,16000,1199104,8516,1607157006,1607157075,69,123.42,2231,30.0,640,480,74.367
spandex_f9_r1_v1,anlun,spandex,氨纶,9,1,1,anlun\anlun_f9r1v1.wav,anlun_f9r1v1.csv,anlun\anlun_f9r1v1.avi,,1607157235,1607157310,74.944,16000,1199104,10694,1607157237,1607157323,86,124.35,2252,30.0,640,480,75.067
stone_f3_r1_v1,shitou,stone,石头,3,1,1,shitou\shitou01_f3r1v1.wav,shitou01_f3r1v1.csv,shitou\shitou01_f3r1v1.avi,,1607153169,1607153244,74.944,16000,1199104,8427,1607153171,1607153239,68,123.93,2243,30.0,640,480,74.767
stone_f6_r1_v1,shitou,stone,石头,6,1,1,shitou\shitou01_f6r1v1.wav,shitou01_f6r1v1.csv,shitou\shitou01_f6r1v1.avi,,1607153369,1607153444,74.944,16000,1199104,8924,1607153370,1607153441,71,125.69,2256,30.0,640,480,75.2
stone_f9_r1_v1,shitou,stone,石头,9,1,1,shitou\shitou01_f9r1v1.wav,shitou01_f9r1v1.csv,shitou\shitou01_f9r1v1.avi,,1607153540,1607153615,74.944,16000,1199104,8613,1607153542,1607153611,69,124.83,2262,30.0,640,480,75.4
wood_f3_r1_v1,muban,wood,木板,3,1,1,muban\muban01_f3r1v1.wav,muban_f3r1v1.csv,muban\muban01_f3r1v1.avi,,1607154803,1607154878,74.944,16000,1199104,8846,1607154804,1607154875,71,124.59,2253,30.0,640,480,75.1
wood_f6_r1_v1,muban,wood,木板,6,1,1,muban\muban01_f6r1v1.wav,muban_f6r1v1.csv,muban\muban01_f6r1v1.avi,,1607154944,1607155019,74.944,16000,1199104,10382,1607154946,1607155030,84,123.6,2233,30.0,640,480,74.433
wood_f9_r1_v1,muban,wood,木板,9,1,1,muban\muban01_f9r1v1.wav,muban_f9r1v1.csv,muban\muban01_f9r1v1.avi,,1607155063,1607155138,74.944,16000,1199104,8664,1607155065,1607155134,69,125.57,2261,30.0,640,480,75.367
